{"n_estimators": 204, "max_depth": 5, "learning_rate": 0.01996536469782752, "subsample": 0.8367131097841103, "colsample_bytree": 0.6809298120078194, "gamma": 2.297145942276206, "conf_threshold": 0.6011691972728958}